Da	Da	Da	Nu	Nu	Da	Da	Da	Da	Da	Nu
Nu	Nu	Da	Da	Nu	Nu	Da	Nu	Nu	Nu	Nu
Nu	Nu	Nu	Nu	Nu	Nu	Nu	Nu	Nu	Nu	Nu
Da	Da	Da	Da	Da	Da	Da	Da	Da	Da	Da
Da	Nu	Nu	Nu	Da	Da	Da	Da	Da	Da	Da
Nu	Nu	Nu	Da	Da	Nu	Da	Nu	Nu	Nu	Nu
Da	Da	Da	Da	Da	Da	Da	Da	Da	Da	Da
Da	Nu	Nu	Nu	Da	Da	Da	Da	Da	Da	Da
Da	Da	Da	Da	Da	Da	Da	Da	Da	Da	Da
Da	Da	Da	Nu	Da	Nu	Da	Da	Da	Nu	Da
Da	Da	Da	Nu	Da	Da	Da	Da	Da	Da	Da
Da	Da	Da	Nu	Da	Da	Da	Da	Da	Nu	Nu
Nu	Da	Da	Da	Nu	Nu	Da	Nu	Da	Da	Nu
Nu	Da	Da	Da	Da	Da	Nu	Da	Nu	Da	Nu
Da	Da	Nu	Da	Nu	Da	Nu	Da	Nu	Da	Nu
Da	Nu	Da	Nu	Da	Da	Da	Nu	Nu	Nu	Da
Da	Da	Da	Nu	Nu	Da	Da	Da	Da	Da	Nu
Nu	Nu	Da	Da	Nu	Nu	Da	Nu	Nu	Nu	Nu
Nu	Nu	Nu	Nu	Nu	Nu	Nu	Nu	Nu	Nu	Nu
Da	Da	Da	Da	Da	Da	Da	Da	Da	Da	Da
Da	Nu	Nu	Nu	Da	Da	Da	Da	Da	Da	Da
Nu	Nu	Nu	Da	Da	Nu	Da	Nu	Nu	Nu	Nu
Da	Da	Da	Da	Da	Da	Da	Da	Da	Da	Da
Da	Nu	Nu	Nu	Da	Da	Da	Da	Da	Da	Da
Da	Da	Da	Da	Da	Da	Da	Da	Da	Da	Da
Da	Da	Da	Nu	Da	Nu	Da	Da	Da	Nu	Da
Da	Da	Da	Nu	Da	Da	Da	Da	Da	Da	Da
Da	Da	Da	Nu	Da	Da	Da	Da	Da	Nu	Nu
Nu	Da	Da	Da	Nu	Nu	Da	Nu	Da	Da	Nu
Nu	Da	Da	Da	Da	Da	Nu	Da	Nu	Da	Nu
Da	Da	Nu	Da	Nu	Da	Nu	Da	Nu	Da	Nu
Da	Nu	Da	Nu	Da	Da	Da	Nu	Nu	Nu	Da
Nu	Nu	Nu	Nu	Nu	Nu	Nu	Nu	Nu	Nu	Nu
Da	Da	Da	Da	Da	Da	Da	Da	Da	Da	Da
Da	Nu	Nu	Nu	Da	Da	Da	Da	Da	Da	Da
Nu	Nu	Nu	Da	Da	Nu	Da	Nu	Nu	Nu	Nu
Da	Da	Da	Da	Da	Da	Da	Da	Da	Da	Da
Da	Nu	Nu	Nu	Da	Da	Da	Da	Da	Da	Da
Da	Da	Da	Da	Da	Da	Da	Da	Da	Da	Da
Da	Da	Da	Nu	Da	Nu	Da	Da	Da	Nu	Da
Da	Da	Da	Nu	Da	Da	Da	Da	Da	Da	Da
Da	Da	Da	Nu	Da	Da	Da	Da	Da	Nu	Nu
